product_id,product_category_id,product_name
1,2,Quest Q64 10 FT. x 10 FT. Slant Leg Instant U
2,2,Under Armour Men's Highlight MC Football Clea
3,2,Under Armour Men's Renegade D Mid Football Cl
4,2,Under Armour Men's Renegade D Mid Football Cl
5,2,Riddell Youth Revolution Speed Custom Footbal
6,2,Jordan Men's VI Retro TD Football Cleat
7,2,Schutt Youth Recruit Hybrid Custom Football H
8,2,Nike Men's Vapor Carbon Elite TD Football Cle
9,2,Nike Adult Vapor Jet 3.0 Receiver Gloves
10,2,Under Armour Men's Highlight MC Football Clea
11,2,Fitness Gear 300 lb Olympic Weight Set
12,2,Under Armour Men's Highlight MC Alter Ego Fla
13,2,Under Armour Men's Renegade D Mid Football Cl
14,2,Quik Shade Summit SX170 10 FT. x 10 FT. Canop
15,2,Under Armour Kids' Highlight RM Alter Ego Sup
16,2,Riddell Youth 360 Custom Football Helmet
17,2,Under Armour Men's Highlight MC Football Clea
18,2,Reebok Men's Full Zip Training Jacket
19,2,Nike Men's Fingertrap Max Training Shoe
20,2,Under Armour Men's Highlight MC Football Clea
21,2,Under Armour Kids' Highlight RM Football Clea
22,2,Kijaro Dual Lock Chair
23,2,Under Armour Men's Highlight MC Alter Ego Hul
24,2,Elevation Training Mask 2.0
25,3,Quest Q64 10 FT. x 10 FT. Slant Leg Instant U
26,3,Nike Men's USA White Home Stadium Soccer Jers
27,3,Nike Youth USA Away Stadium Replica Soccer Je
28,3,adidas Brazuca 2014 Top Glider Soccer Ball
29,3,Nike Men's USA Away Stadium Replica Soccer Je
30,3,adidas Men's Germany Home Soccer Jersey
31,3,Nike+ Fuelband SE
32,3,PUMA Men's evoPOWER 1 Tricks FG Soccer Cleat
33,3,adidas Brazuca 2014 Top Repliqué Soccer Ball
34,3,"Nike Women's Pro Core 3"" Compression Shorts"
35,3,adidas Brazuca 2014 Official Match Ball
36,3,adidas Men's Germany Black/Red Away Match Soc
37,3,adidas Kids' F5 Messi FG Soccer Cleat
38,3,Nike Men's Hypervenom Phantom Premium FG Socc
39,3,Nike Women's Pro Victory Compression Bra
40,3,Quik Shade Summit SX170 10 FT. x 10 FT. Canop
41,3,adidas Men's Mexico Home Soccer Jersey
42,3,adidas Kids' F10 Messi TRX FG Soccer Cleat
43,3,Kijaro Dual Lock Chair
44,3,adidas Men's F10 Messi TRX FG Soccer Cleat
45,3,adidas Men's F10 Messi FG Soccer Cleat
46,3,Quest 12' x 12' Dome Canopy
47,3,Nike Women's Pro Hyperwarm Fitted Tights
48,3,adidas Brazuca Final Rio Official Match Ball
49,4,Diamondback Adult Sorrento Mountain Bike 2014
50,4,Quest Q64 10 FT. x 10 FT. Slant Leg Instant U
51,4,MAC Sports Collapsible Wagon
52,4,Easton Mako Youth Bat 2014 (-11)
53,4,adidas Brazuca 2014 Top Glider Soccer Ball
54,4,Nike+ Fuelband SE
55,4,adidas Brazuca 2014 Top Repliqué Soccer Ball
56,4,Fitbit Flex Wireless Activity & Sleep Wristba
57,4,"Nike Women's Pro Core 3"" Compression Shorts"
58,4,Diamondback Boys' Insight 24 Performance Hybr
59,4,adidas Brazuca 2014 Official Match Ball
60,4,SOLE E25 Elliptical
61,4,Diamondback Girls' Clarity 24 Hybrid Bike 201
62,4,Easton XL1 Youth Bat 2014 (-10)
63,4,Fitness Gear 300 lb Olympic Weight Set
64,4,Nike Women's Pro Victory Compression Bra
65,4,Quik Shade Summit SX170 10 FT. x 10 FT. Canop
66,4,SOLE F85 Treadmill
67,4,Kijaro Dual Lock Chair
68,4,Diamondback Adult Outlook Mountain Bike 2014
69,4,Easton S1 Youth Bat 2014 (-12)
70,4,Elevation Training Mask 2.0
71,4,Diamondback Adult Response XE Mountain Bike 2
72,4,Quest 12' x 12' Dome Canopy
73,5,Quest Q64 10 FT. x 10 FT. Slant Leg Instant U
74,5,"Goaliath 54"" In-Ground Basketball Hoop with P"
75,5,"Nike Women's Pro Core 3"" Compression Shorts"
76,5,Jordan Men's VI Retro TD Football Cleat
77,5,Schutt Youth Recruit Hybrid Custom Football H
78,5,Nike Kids' Grade School KD VI Basketball Shoe
79,5,Fitness Gear 300 lb Olympic Weight Set
80,5,Nike Women's Pro Victory Compression Bra
81,5,Quik Shade Summit SX170 10 FT. x 10 FT. Canop
82,5,Kijaro Dual Lock Chair
83,5,Elevation Training Mask 2.0
84,5,Nike Men's KD VI Basketball Shoe
85,5,Nike Kids' Grade School LeBron XI Basketball 
86,5,Quest 12' x 12' Dome Canopy
87,5,Nike Women's Pro Hyperwarm Fitted Tights
88,5,Nike Kids' Grade School KD VI Basketball Shoe
89,5,Nike Elite Crew Basketball Sock
90,5,Nike Men's LeBron XI Basketball Shoe
91,5,Quest Q100 10' X 10' Dome Canopy
92,5,Nike Men's LeBron XI Low Basketball Shoe
93,5,Under Armour Men's Tech II T-Shirt
94,5,Fitness Gear Pro Utility Bench
95,5,Nike Hoops Elite Team Backpack
96,5,Teeter Hang Ups NXT-S Inversion Table
97,6,Quest Q64 10 FT. x 10 FT. Slant Leg Instant U
98,6,"Nike Women's Pro Core 3"" Compression Shorts"
99,6,Nike Women's Pro Victory Compression Bra
100,6,Quik Shade Summit SX170 10 FT. x 10 FT. Canop
101,6,Kijaro Dual Lock Chair
102,6,Quest 12' x 12' Dome Canopy
103,6,Nike Women's Pro Hyperwarm Fitted Tights
104,6,Nike Elite Crew Basketball Sock
105,6,Quest Q100 10' X 10' Dome Canopy
106,6,Teeter Hang Ups NXT-S Inversion Table
107,6,SKLZ Sport-Brella XL
108,6,E-Z Up Vista 12' x 12' Recreational Instant S
109,6,Under Armour Men's Ignite Camo II Slide
110,6,McDavid HEX Extended Leg Sleeves
111,6,Kijaro XXL Dual Lock Oversized Chair
112,6,Nike Women's Pro Hyperwarm Half Zip Long Slee
113,6,Nike Men's Alpha Pro D Mid Football Cleat
114,6,Nike Men's Fly Shorts 2.0
115,6,Under Armour Men's Highlight RM Football Clea
116,6,Nike Men's Comfort 2 Slide
117,6,YETI Tundra 65 Chest Cooler
118,6,Quest 12' x 12' Screen House
119,6,Quest Oversized Arm Chair
120,6,Nike Hyper Elite Crew Basketball Sock
121,7,Quest Q64 10 FT. x 10 FT. Slant Leg Instant U
122,7,Nike+ Fuelband SE
123,7,Fitbit Flex Wireless Activity & Sleep Wristba
124,7,"Nike Women's Pro Core 3"" Compression Shorts"
125,7,Nike Women's Pro Victory Compression Bra
126,7,Quik Shade Summit SX170 10 FT. x 10 FT. Canop
127,7,Stiga Master Series ST3100 Competition Indoor
128,7,Kijaro Dual Lock Chair
129,7,Quest 12' x 12' Dome Canopy
130,7,Nike Women's Pro Hyperwarm Fitted Tights
131,7,Nike Elite Crew Basketball Sock
132,7,Under Armour Hustle Backpack
133,7,Quest Q100 10' X 10' Dome Canopy
134,7,Nike Women's Legend V-Neck T-Shirt
135,7,Nike Dri-FIT Crew Sock 6 Pack
136,7,Nike Hoops Elite Team Backpack
137,7,Teeter Hang Ups NXT-S Inversion Table
138,7,SKLZ Sport-Brella XL
139,7,E-Z Up Vista 12' x 12' Recreational Instant S
140,7,Under Armour Men's Ignite Camo II Slide
141,7,Under Armour Boys' Match Play Golf Polo
142,7,McDavid HEX Extended Leg Sleeves
143,7,Kijaro XXL Dual Lock Oversized Chair
144,7,Garmin Forerunner 220 GPS Watch
145,8,Quest Q64 10 FT. x 10 FT. Slant Leg Instant U
146,8,"Nike Women's Pro Core 3"" Compression Shorts"
147,8,Nike Women's Pro Victory Compression Bra
148,8,Quik Shade Summit SX170 10 FT. x 10 FT. Canop
149,8,Kijaro Dual Lock Chair
150,8,Quest 12' x 12' Dome Canopy
151,8,Nike Women's Pro Hyperwarm Fitted Tights
152,8,Quest Q100 10' X 10' Dome Canopy
153,8,Teeter Hang Ups NXT-S Inversion Table
154,8,SKLZ Sport-Brella XL
155,8,E-Z Up Vista 12' x 12' Recreational Instant S
156,8,Under Armour Men's Ignite Camo II Slide
157,8,Reebok Women's Performance Essentials Printed
158,8,McDavid HEX Extended Leg Sleeves
159,8,Kijaro XXL Dual Lock Oversized Chair
160,8,Nike Women's Pro Hyperwarm Half Zip Long Slee
161,8,Nike Men's Comfort 2 Slide
162,8,YETI Tundra 65 Chest Cooler
163,8,Quest 12' x 12' Screen House
164,8,adidas Women's Tiro 13 Soccer Pants
165,8,Quest Oversized Arm Chair
166,8,Under Armour Men's Ignite III Slide
167,8,Nike Women's Pro Printed Sports Bra
168,8,"Nike Women's 3"" Pro Compression Shorts"
169,9,Diamondback Adult Sorrento Mountain Bike 2014
170,9,Quest Q64 10 FT. x 10 FT. Slant Leg Instant U
171,9,MAC Sports Collapsible Wagon
172,9,Nike Women's Tempo Shorts
173,9,Under Armour Men's Highlight MC Football Clea
174,9,Nike Men's USA White Home Stadium Soccer Jers
175,9,Nike Women's Tempo Shorts
176,9,Easton Mako Youth Bat 2014 (-11)
177,9,Nike Youth USA Away Stadium Replica Soccer Je
178,9,adidas Brazuca 2014 Top Glider Soccer Ball
179,9,Brooks Women's Adrenaline GTS 13 Running Shoe
180,9,Nike Men's USA Away Stadium Replica Soccer Je
181,9,Lifetime Freestyle XL Stand-Up Paddle Board
182,9,adidas Men's Germany Home Soccer Jersey
183,9,Nike+ Fuelband SE
184,9,PUMA Men's evoPOWER 1 Tricks FG Soccer Cleat
185,9,"Goaliath 54"" In-Ground Basketball Hoop with P"
186,9,adidas Brazuca 2014 Top Repliqué Soccer Ball
187,9,Top Flite Women's XL 12-Piece Complete Set - 
188,9,Fitbit Flex Wireless Activity & Sleep Wristba
189,9,Nike Women's Tempo Shorts
190,9,Under Armour Men's Renegade D Mid Football Cl
191,9,Nike Men's Free 5.0+ Running Shoe
192,9,"Nike Women's Pro Core 3"" Compression Shorts"
193,10,Diamondback Adult Sorrento Mountain Bike 2014
194,10,Nike+ Fuelband SE
195,10,Fitbit Flex Wireless Activity & Sleep Wristba
196,10,Diamondback Boys' Insight 24 Performance Hybr
197,10,SOLE E25 Elliptical
198,10,Diamondback Girls' Clarity 24 Hybrid Bike 201
199,10,SOLE F85 Treadmill
200,10,Diamondback Adult Outlook Mountain Bike 2014
201,10,Elevation Training Mask 2.0
202,10,Diamondback Adult Response XE Mountain Bike 2
203,10,GoPro HERO3+ Black Edition Camera
204,10,Rollerblade Men's Spark 84 Inline Skate
205,10,Diamondback Adult Wildwood Citi Classic Comfo
206,10,Diamondback Adult Edgewood Hybrid Bike 2014
207,10,Rollerblade Women's Spark 84 Inline Skates
208,10,SOLE E35 Elliptical
209,10,Quest 15 FT Trampoline Enclosure Combo
210,10,Thule Trailway 4-Bike Hitch Vehicle Rack
211,10,Diamondback Grind BMX Bike 2014
212,10,Under Armour Men's Ignite Camo II Slide
213,10,Exerpeutic 900XL Magnetic Recumbent Bike with
214,10,Diamondback Women's Vital 2 Hybrid Bike 2014
215,10,Garmin vivofit Fitness Band with HRM
216,10,Yakima DoubleDown Ace Hitch Mount 4-Bike Rack
217,11,Fitness Gear 300 lb Olympic Weight Set
218,11,Elevation Training Mask 2.0
219,11,Fitness Gear Pro Utility Bench
220,11,Teeter Hang Ups NXT-S Inversion Table
221,11,Fitness Gear Pro Olympic Bench
222,11,Fitness Gear Pro Half Rack
223,11,Teeter Hang-Ups EP-970 Limited Inversion Tabl
224,11,PowerBlock Classic 50 lb Adjustable Dumbbell 
225,11,Marcy Pro Circuit Trainer
226,11,Bowflex SelectTech 1090 Dumbbells
227,11,Reebok Men's CrossFit Nano 3.0 Training Shoe
228,11,Fitness Gear Olympic Bench
229,11,Marcy Diamond 9010 Smith Cage
230,11,BOSU Balance Trainer
231,11,Nike Men's Romaleos 2 Weightlifting Shoe
232,11,adidas Men's Powerlift 2 Training Shoe
233,11,Core Fitness 5 - 50 lb Adjustable Dumbbells -
234,11,Fitness Gear Pro Core Bench
235,11,Under Armour Hustle Storm Medium Duffle Bag
236,11,PowerBlock 24 lb Adjustable Dumbbell Set
237,11,Fitness Gear 7' Olympic Bar
238,11,Fitness Gear Heavy Bag Stand
239,11,Reebok Women's CrossFit Nano 2.0 Training Sho
240,11,Stamina Air Rower
241,12,Nike Women's Tempo Shorts
242,12,Nike Women's Tempo Shorts
243,12,Brooks Women's Adrenaline GTS 13 Running Shoe
244,12,Nike+ Fuelband SE
245,12,Fitbit Flex Wireless Activity & Sleep Wristba
246,12,Nike Women's Tempo Shorts
247,12,"Nike Women's Pro Core 3"" Compression Shorts"
248,12,Nike Women's Free 4.0 Running Shoe
249,12,Under Armour Women's Micro G Skulpt Running S
250,12,Under Armour Women's Play Up Shorts
251,12,Brooks Women's Ghost 6 Running Shoe
252,12,Nike Women's Pro Victory Compression Bra
253,12,Nike Women's Free 5.0+ Running Shoe
254,12,Brooks Women's Ghost 6 Running Shoe
255,12,ASICS Women's GEL-Noosa Tri 9 Running Shoe
256,12,Elevation Training Mask 2.0
257,12,Under Armour Women's Tech T-Shirt
258,12,Nike Women's Free 5.0 TR FIT PRT 4 Training S
259,12,Nike Women's Pro Hyperwarm Fitted Tights
260,12,ASICS Women's GEL-Nimbus 15 Running Shoe
261,12,ASICS Women's GEL-Cumulus 15 Running Shoe
262,12,Fitness Gear Pro Utility Bench
263,12,Nike Women's Legend V-Neck T-Shirt
264,12,Nike Dri-FIT Crew Sock 6 Pack
265,13,Elevation Training Mask 2.0
266,13,Under Armour Men's Ignite Camo II Slide
267,13,Nike Men's Comfort 2 Slide
268,13,Everlast PowerCore 2 Station Stand and Bag Ki
269,13,Under Armour Men's Ignite III Slide
270,13,Nike Men's Comfort 2 Slide
271,13,Under Armour Kids' Ignite III Slide
272,13,Under Armour Women's Ignite VI Slide
273,13,Under Armour Kids' Mercenary Slide
274,13,Nike Men's Benassi Swoosh Slide
275,13,Under Armour Girls' UA Ignite VI Slide
276,13,Under Armour Women's Ignite Slide
277,13,Under Armour Women's Ignite VI Camo Slide
278,13,Under Armour Men's Compression EV SL Slide
279,13,Nike Men's Air LeBron 3 Elite Slide
280,13,Under Armour Hustle Storm Medium Duffle Bag
281,13,Fitness Gear Heavy Bag Stand
282,13,Under Armour Women's Ignite PIP VI Slide
283,13,Under Armour Kids' Mercenary Slide
284,13,Under Armour Women's Ignite VI Slide
285,13,Under Armour Men's Mercenary Slide
286,13,Under Armour Men's Ignite III Slide
287,13,Nike Men's Comfort 2 Slide
288,13,Nike Men's Air LeBron 3 Elite Slide
289,38,Nike+ Fuelband SE
290,38,Fitbit Flex Wireless Activity & Sleep Wristba
291,38,Garmin Forerunner 220 GPS Watch
292,38,Garmin Women's Forerunner 10 GPS Watch
293,38,Garmin vivofit Fitness Band with HRM
294,38,Garmin Forerunner 10 GPS Watch
295,38,Fitbit The One Wireless Activity & Sleep Trac
296,38,Nike+ Sportwatch GPS Powered by TomTom with S
297,38,Garmin vivofit Fitness Band
298,38,Garmin Forerunner 15 GPS Watch with HRM
299,38,Jawbone UP24 Activity Tracker
300,38,Garmin Forerunner 620 GPS Watch with Heart Ra
301,38,Garmin Forerunner 15 GPS Watch
302,38,Nike+ Sportwatch GPS Powered by TomTom
303,38,Garmin Forerunner 910XT GPS Watch
304,38,Garmin Forerunner 220 GPS Watch with Premium 
305,38,Mio ALPHA Heart Rate Monitor/Sport Watch
306,38,Polar FT4 Heart Rate Monitor
307,38,Garmin Forerunner 910XT with HRM
308,38,Fitbit Zip Wireless Activity Tracker
309,38,Fitbit Aria Wi-Fi Smart Scale
310,38,Beats by Dr. Dre Solo2 Headphones
311,38,Polar Loop Activity Tracker
312,38,TomTom Multi-Sport Cardio + Cycle GPS Watch w
313,15,Under Armour Women's Seamless Essential Sport
314,15,Nike Women's Studio Wrap
315,15,Nike Women's Legend Tight Capris 2.0
316,15,Nike Women's Legend Regular Capris 2.0
317,15,Nike Women's Printed Studio Wrap
318,15,Under Armour Women's Seamless Advantage Sport
319,15,Under Armour Women's HeatGear Sonic Printed C
320,15,Manduka PRO Yoga Mat
321,15,Reebok Women's Fitness Essentials Regular Fit
322,15,Nike Women's Studio Wrap Three-Part Pack
323,15,Under Armour Women's Achieve T-Back Tank Top
324,15,Reebok Women's Fitness Essential Slim Fit Cap
325,15,lucy Women's Hatha Capri Leggings
326,15,Mission Enduracool Instant Cooling Towel
327,15,Reebok Women's Performance Regular Motion Fit
328,15,Under Armour Women's Perfect Flowy Tank Top
329,15,Under Armour Women's Essential Banded Tank To
330,15,Nike Women's Dri-FIT Cotton Tight Capris
331,15,The North Face Women's Be Calm Tank Top
332,15,Under Armour Women's Pure Stretch Sheer Cheek
333,15,lucy Women's Heart Center Tank Top
334,15,Reebok Women's Fitness Essentials Regular Fit
335,15,Nike Women's Dri-FIT Cotton Regular-Fit Capri
336,15,"Nike Swoosh Headband - 2"""
337,16,Fitness Gear 300 lb Olympic Weight Set
338,16,Nike Men's Fingertrap Max Training Shoe
339,16,Elevation Training Mask 2.0
340,16,PRIMED 12' x 6' Instant Soccer Goal
341,16,Fitness Gear Pro Utility Bench
342,16,SKLZ Quickster 12' x 6' Portable Soccer Goal
343,16,Teeter Hang Ups NXT-S Inversion Table
344,16,Under Armour Men's Ignite Camo II Slide
345,16,Fitness Gear Pro Olympic Bench
346,16,Fitness Gear Pro Half Rack
347,16,adidas Brazuca Final Rio Top Glider Soccer Ba
348,16,McDavid HEX Extended Leg Sleeves
349,16,Franklin 12' x 6' Competition Steel Soccer Go
350,16,Nike Men's Comfort 2 Slide
351,16,Jugs Complete Practice Travel Screen
352,16,Under Armour Men's Ignite III Slide
353,16,Nike Men's Comfort 2 Slide
354,16,Nike Men's Fingertrap Max Training Shoe
355,16,Nike Men's Free Trainer 5.0 Training Shoe
356,16,PRIMED 7' x 5' Soccer Trainer
357,16,Under Armour Kids' Ignite III Slide
358,16,Reebok Women's Solid Classic Tank Swimsuit
359,16,Nike Men's Free TR 5.0 TB Training Shoe
360,16,Under Armour Women's Ignite VI Slide
361,17,Bowflex Uppercut
362,17,Perfect Fitness Perfect Ab Strap Pro
363,17,Total Gym 1100
364,17,Total Gym 1400
365,17,Perfect Fitness Perfect Rip Deck
366,17,Gazelle Supreme Glider
367,17,Gazelle Edge Pro Glider
368,17,Pink BOSU Balance Trainer
369,17,BOSU Ballast Ball
370,17,Kettleglove Unisex Kettleball Gloves
371,17,Total Gym 1900
372,17,Perfect Ab Carver Pro
373,17,Perfect Fitness Multi Gym Pro
374,17,Perfect Pushup BASIC
375,17,Gold's Gym K10 7-in-1 Body Building Kit
376,17,Perfect Pushup V2 Performance
377,17,Perfect Pullup Basic
378,17,AB Roller Evolution
379,17,Perfect Multi-Gym - As Seen on TV!
380,17,BOSU Balance Trainer
381,18,Under Armour Men's Highlight MC Football Clea
382,18,PUMA Men's evoPOWER 1 Tricks FG Soccer Cleat
383,18,Under Armour Men's Renegade D Mid Football Cl
384,18,Under Armour Men's Renegade D Mid Football Cl
385,18,Jordan Men's VI Retro TD Football Cleat
386,18,Nike Men's Vapor Carbon Elite TD Football Cle
387,18,adidas Kids' F5 Messi FG Soccer Cleat
388,18,Nike Men's Hypervenom Phantom Premium FG Socc
389,18,Under Armour Men's Highlight MC Football Clea
390,18,Under Armour Men's Highlight MC Alter Ego Fla
391,18,Under Armour Men's Renegade D Mid Football Cl
392,18,Under Armour Kids' Highlight RM Alter Ego Sup
393,18,Under Armour Men's Highlight MC Football Clea
394,18,Nike Men's Fingertrap Max Training Shoe
395,18,adidas Kids' F10 Messi TRX FG Soccer Cleat
396,18,Under Armour Men's Highlight MC Football Clea
397,18,Under Armour Kids' Highlight RM Football Clea
398,18,adidas Men's F10 Messi TRX FG Soccer Cleat
399,18,Under Armour Men's Highlight MC Alter Ego Hul
400,18,Under Armour Men's Highlight MC Football Clea
401,18,adidas Men's F10 Messi FG Soccer Cleat
402,18,Under Armour Men's Highlight MC Alter Ego Cap
403,18,Nike Men's CJ Elite 2 TD Football Cleat
404,18,Nike Men's Vapor Carbon Elite TD Football Cle
405,19,Under Armour Men's Highlight MC Football Clea
406,19,Nike+ Fuelband SE
407,19,PUMA Men's evoPOWER 1 Tricks FG Soccer Cleat
408,19,Fitbit Flex Wireless Activity & Sleep Wristba
409,19,Under Armour Men's Renegade D Mid Football Cl
410,19,Nike Men's Free 5.0+ Running Shoe
411,19,Under Armour Men's Renegade D Mid Football Cl
412,19,Jordan Men's VI Retro TD Football Cleat
413,19,Nike Men's Vapor Carbon Elite TD Football Cle
414,19,Nike Men's Hypervenom Phantom Premium FG Socc
415,19,Under Armour Men's Highlight MC Football Clea
416,19,Nike Men's Free 5.0 Running Shoe
417,19,Under Armour Men's Highlight MC Alter Ego Fla
418,19,Under Armour Men's Renegade D Mid Football Cl
419,19,Brooks Men's Adrenaline GTS 13 Running Shoe
420,19,Under Armour Men's Highlight MC Football Clea
421,19,Nike Men's Fingertrap Max Training Shoe
422,19,Under Armour Men's Highlight MC Football Clea
423,19,adidas Men's F10 Messi TRX FG Soccer Cleat
424,19,Under Armour Men's Highlight MC Alter Ego Hul
425,19,Nike Men's Air Max 2014 Running Shoe
426,19,Under Armour Men's Highlight MC Football Clea
427,19,adidas Men's F10 Messi FG Soccer Cleat
428,19,Under Armour Men's Highlight MC Alter Ego Cap
429,20,Brooks Women's Adrenaline GTS 13 Running Shoe
430,20,Nike+ Fuelband SE
431,20,Fitbit Flex Wireless Activity & Sleep Wristba
432,20,Nike Women's Free 4.0 Running Shoe
433,20,Under Armour Women's Micro G Skulpt Running S
434,20,Brooks Women's Ghost 6 Running Shoe
435,20,Nike Women's Free 5.0+ Running Shoe
436,20,Brooks Women's Ghost 6 Running Shoe
437,20,ASICS Women's GEL-Noosa Tri 9 Running Shoe
438,20,Nike Women's Free 5.0 TR FIT PRT 4 Training S
439,20,ASICS Women's GEL-Nimbus 15 Running Shoe
440,20,Nike Men's Mercurial Victory IV FG Soccer Cle
441,20,ASICS Women's GEL-Cumulus 15 Running Shoe
442,20,Nike Dri-FIT Crew Sock 6 Pack
443,20,Nike Women's Air Pegasus+ 30 Running Shoe
444,20,Nike Women's Downshifter 5 Running Shoe
445,20,Nike Women's Air Pegasus+ 30 Running Shoe
446,20,Nike Women's LunarGlide+ 5 Running Shoe
447,20,Nike Women's Free TR Connect 2 Training Shoe
448,20,Nike Women's Zoom Fly Running Shoe
449,20,Mizuno Women's Wave Inspire 9 Running Shoe
450,20,Garmin Forerunner 220 GPS Watch
451,20,Garmin Women's Forerunner 10 GPS Watch
452,20,Garmin vivofit Fitness Band with HRM
453,21,Nike Kids' Grade School KD VI Basketball Shoe
454,21,adidas Kids' F5 Messi FG Soccer Cleat
455,21,Under Armour Kids' Highlight RM Alter Ego Sup
456,21,adidas Kids' F10 Messi TRX FG Soccer Cleat
457,21,Under Armour Kids' Highlight RM Football Clea
458,21,Nike Kids' Grade School LeBron XI Basketball 
459,21,Under Armour Kids' Highlight RM Alter Ego Cap
460,21,Under Armour Kids' Highlight RM Alter Ego Bat
461,21,Under Armour Kids' Highlight RM Football Clea
462,21,Under Armour Kids' Highlight RM Alter Ego Fla
463,21,Nike Kids' Grade School KD VI Basketball Shoe
464,21,Nike Kids' Vapor Strike 4 Mid TD Football Cle
465,21,Under Armour Kids' Highlight RM Football Clea
466,21,Under Armour Kids' Highlight RM Alter Ego Hul
467,21,Nike Kids' Vapor Strike 4 Mid TD Football Cle
468,21,Under Armour Kids' C1N MC Football Cleat
469,21,Nike Kids' Vapor Strike 4 Mid TD Football Cle
470,21,adidas Kids' RG III Mid Football Cleat
471,21,Nike Kids' Grade School KD VI Basketball Shoe
472,21,Nike Kids' Vapor Strike 4 Mid TD Football Cle
473,21,Under Armour Kids' Highlight RM Football Clea
474,21,Nike Hyper Elite Crew Basketball Sock
475,21,Nike Kids' Vapor Strike 4 Mid TD Football Cle
476,21,Reebok All Sport Athletic Sock
477,22,Nike Women's Tempo Shorts
478,22,Nike Women's Tempo Shorts
479,22,Brooks Women's Adrenaline GTS 13 Running Shoe
480,22,Nike+ Fuelband SE
481,22,Top Flite Women's XL 12-Piece Complete Set - 
482,22,Fitbit Flex Wireless Activity & Sleep Wristba
483,22,Nike Women's Tempo Shorts
484,22,Nike Men's Free 5.0+ Running Shoe
485,22,"Nike Women's Pro Core 3"" Compression Shorts"
486,22,Coleman River Gorge 6 Person Dome Tent
487,22,Jordan Men's VI Retro TD Football Cleat
488,22,SOLE E25 Elliptical
489,22,Nike Kids' Grade School KD VI Basketball Shoe
490,22,Nike Women's Free 4.0 Running Shoe
491,22,Under Armour Women's Micro G Skulpt Running S
492,22,Nike Men's Free 5.0 Running Shoe
493,22,Brooks Women's Ghost 6 Running Shoe
494,22,Nike Women's Pro Victory Compression Bra
495,22,Slazenger Women's Ava Sleeveless Fashion Golf
496,22,SOLE F85 Treadmill
497,22,Nike Women's Free 5.0+ Running Shoe
498,22,Brooks Men's Adrenaline GTS 13 Running Shoe
499,22,Brooks Women's Ghost 6 Running Shoe
500,22,Kijaro Dual Lock Chair
501,24,Nike Men's USA White Home Stadium Soccer Jers
502,24,Nike Men's Dri-FIT Victory Golf Polo
503,24,Nike Youth USA Away Stadium Replica Soccer Je
504,24,adidas Brazuca 2014 Top Glider Soccer Ball
505,24,Nike Men's USA Away Stadium Replica Soccer Je
506,24,adidas Men's Germany Home Soccer Jersey
507,24,Nike+ Fuelband SE
508,24,PUMA Men's evoPOWER 1 Tricks FG Soccer Cleat
509,24,adidas Brazuca 2014 Top Repliqué Soccer Ball
510,24,Fitbit Flex Wireless Activity & Sleep Wristba
511,24,"Nike Women's Pro Core 3"" Compression Shorts"
512,24,Nike Men's Flat Front Tech Golf Shorts
513,24,adidas Brazuca 2014 Official Match Ball
514,24,adidas Men's Germany Black/Red Away Match Soc
515,24,adidas Kids' F5 Messi FG Soccer Cleat
516,24,Callaway X Hot Laser Rangefinder
517,24,Nike Men's Hypervenom Phantom Premium FG Socc
518,24,Nike Women's Pro Victory Compression Bra
519,24,adidas Men's Mexico Home Soccer Jersey
520,24,adidas Men's Ultimate Short Sleeve Shirt
521,24,Nike Men's Dri-FIT Flat Front Tech Golf Pants
522,24,Reebok Men's Full Zip Training Jacket
523,24,adidas Kids' F10 Messi TRX FG Soccer Cleat
524,24,adidas Men's F10 Messi TRX FG Soccer Cleat
525,25,Nike Women's Tempo Shorts
526,25,Nike Men's USA White Home Stadium Soccer Jers
527,25,Nike Women's Tempo Shorts
528,25,Nike Youth USA Away Stadium Replica Soccer Je
529,25,adidas Brazuca 2014 Top Glider Soccer Ball
530,25,Brooks Women's Adrenaline GTS 13 Running Shoe
531,25,Nike Men's USA Away Stadium Replica Soccer Je
532,25,adidas Men's Germany Home Soccer Jersey
533,25,Nike+ Fuelband SE
534,25,PUMA Men's evoPOWER 1 Tricks FG Soccer Cleat
535,25,adidas Brazuca 2014 Top Repliqué Soccer Ball
536,25,Top Flite Women's XL 12-Piece Complete Set - 
537,25,Fitbit Flex Wireless Activity & Sleep Wristba
538,25,Nike Women's Tempo Shorts
539,25,"Nike Women's Pro Core 3"" Compression Shorts"
540,25,Coleman River Gorge 6 Person Dome Tent
541,25,adidas Brazuca 2014 Official Match Ball
542,25,adidas Men's Germany Black/Red Away Match Soc
543,25,Lady Hagen Women's Milan Golf Polo
544,25,adidas Kids' F5 Messi FG Soccer Cleat
545,25,Callaway X Hot Laser Rangefinder
546,25,Nike Women's Free 4.0 Running Shoe
547,25,Nike Men's Hypervenom Phantom Premium FG Socc
548,25,Under Armour Women's Micro G Skulpt Running S
549,26,Lotto Men's Zhero Gravity V 700 TF Soccer Cle
550,26,adidas Men's 2014 All-Star Game Tactile Hunte
551,26,Lotto Men's Zhero Gravity V 700 TF Soccer Cle
552,26,Lotto Men's Zhero Gravity V 700 TF Soccer Cle
553,26,adidas Men's 2014 MLS All-Star Game Dueling T
554,26,adidas Men's 2014 MLS All-Star Game Cross Bla
555,26,adidas Original Men's 2014 MLS All-Star Game 
556,26,adidas Original Men's 2014 MLS All-Star Game 
557,26,adidas Men's 2014 MLS All-Star Game Rose City
558,26,adidas Men's 2014 MLS All-Star Game Crest Gre
559,26,adidas Women's 2014 MLS All-Star Game Dueling
560,26,adidas Men's 2014 MLS All-Star Game Replica B
561,26,adidas Men's 2014 MLS All-Star Game Lumber Hu
562,26,adidas Men's 2014 MLS All-Star Game Axis Hunt
563,26,adidas Men's Germany 2014 FIFA World Cup Braz
564,26,Nike Men's Deutschland Weltmeister Winners Bl
565,26,adidas Youth Germany Black/Red Away Match Soc
566,26,adidas Men's Germany Black/Red Away Match Soc
567,26,adidas Men's Germany Black Crest Away Tee
568,26,adidas Youth Germany Black Crest Tee
569,26,adidas Men's Germany Home Soccer Jersey
570,26,adidas Men's Germany Home Replica White Top
571,26,TYR Boys' Venom Blade Splice Jammer
572,26,TYR Boys' Team Digi Jammer
573,27,Lotto Men's Zhero Gravity V 700 TF Soccer Cle
574,27,adidas Men's 2014 All-Star Game Tactile Hunte
575,27,Lotto Men's Zhero Gravity V 700 TF Soccer Cle
576,27,Lotto Men's Zhero Gravity V 700 TF Soccer Cle
577,27,adidas Men's 2014 MLS All-Star Game Dueling T
578,27,adidas Men's 2014 MLS All-Star Game Cross Bla
579,27,adidas Original Men's 2014 MLS All-Star Game 
580,27,adidas Original Men's 2014 MLS All-Star Game 
581,27,adidas Men's 2014 MLS All-Star Game Rose City
582,27,adidas Men's 2014 MLS All-Star Game Crest Gre
583,27,adidas Women's 2014 MLS All-Star Game Dueling
584,27,adidas Men's 2014 MLS All-Star Game Replica B
585,27,adidas Men's 2014 MLS All-Star Game Lumber Hu
586,27,adidas Men's 2014 MLS All-Star Game Axis Hunt
587,27,adidas Men's Germany 2014 FIFA World Cup Braz
588,27,Nike Men's Deutschland Weltmeister Winners Bl
589,27,adidas Youth Germany Black/Red Away Match Soc
590,27,adidas Men's Germany Black/Red Away Match Soc
591,27,adidas Men's Germany Black Crest Away Tee
592,27,adidas Youth Germany Black Crest Tee
593,27,adidas Men's Germany Home Soccer Jersey
594,27,adidas Men's Germany Home Replica White Top
595,27,TYR Girls' Phoenix Maxfit Back Swimsuit
596,27,TYR Girls' Palisade Maxfit Back Swimsuit
597,41,Nike+ Fuelband SE
598,41,Fitbit Flex Wireless Activity & Sleep Wristba
599,41,Callaway X Hot Laser Rangefinder
600,41,Nike Women's Pro Victory Compression Bra
601,41,GoPro HERO3+ Black Edition Camera
602,41,Nike Elite Crew Basketball Sock
603,41,Under Armour Hustle Backpack
604,41,Nike Dri-FIT Crew Sock 6 Pack
605,41,Nike Hoops Elite Team Backpack
606,41,Bushnell 2014 Tour V3 Patriot Pack Laser Rang
607,41,Garmin Approach S3 Golf GPS Watch
608,41,Garmin Forerunner 220 GPS Watch
609,41,Garmin Approach G6 Golf GPS
610,41,GolfBuddy Voice GPS
611,41,Garmin Women's Forerunner 10 GPS Watch
612,41,Garmin vivofit Fitness Band with HRM
613,41,Garmin Forerunner 10 GPS Watch
614,41,Fitbit The One Wireless Activity & Sleep Trac
615,41,Primos Truth Cam Supercharged Blackout 7 MP G
616,41,Nike+ Sportwatch GPS Powered by TomTom with S
617,41,Nike Hyper Elite Crew Basketball Sock
618,41,Nike Women's Pro Printed Sports Bra
619,41,Nike Vapor Crew Football Sock
620,41,Nike Women's Pro Padded Sports Bra
621,29,Under Armour Men's Performance Chino Straight
622,29,Nike Kids' Toddler Air KD VII Basketball Shoe
623,29,adidas Men's Energy Boost Icon Metal Baseball
624,29,adidas Batting Helmet Hardware Kit
625,29,Nike Men's Kobe IX Elite Low Basketball Shoe
626,29,Nike Men's KD VII Basketball Shoe
627,29,Under Armour Girls' Toddler Spine Surge Runni
628,29,Under Armour Elevate 22 oz. Leak-Proof Water 
629,29,Nike Men's LeBron XI Low Basketball Shoe
630,29,ASICS Men's GEL-Blast 6 Volleyball Shoe
631,29,Nike Lunarwaverly Golf Shoes
632,29,Nike Lunarwaverly Golf Shoes
633,29,Nike Lunarwaverly Golf Shoes
634,29,Nike Lunarwaverly Golf Shoes
635,29,Nike Lunar Mount Royal Golf Shoes
636,29,Nike Lunar Mount Royal Golf Shoes
637,29,Nike Lunar Mount Royal Golf Shoes
638,29,Nike Lunar Mount Royal Golf Shoes
639,29,Columbia Men's PFG Terminal Elements Marlin T
640,29,Columbia Men's PFG Fear the Moray T-Shirt
641,29,Columbia Men's PFG Master Caster T-Shirt
642,29,Columbia Men's PFG Anchor Tough T-Shirt
643,29,Nike Lunar Cypress Golf Shoes
644,29,Nike Lunar Cypress Golf Shoes
645,30,Roxy Women's Steamer Long Sleeve Rash Guard
646,30,Merrell Women's Grassbow Sport Hiking Shoe
647,30,Merrell Women's Siren Mid Waterproof Hiking B
648,30,Merrell Women's Siren Mid Waterproof Hiking B
649,30,Merrell Men's Chameleon Prime Stretch Realtre
650,30,Merrell Men's Chameleon Prime Stretch Hiking 
651,30,Merrell Men's Chameleon Prime Stretch Realtre
652,30,Merrell Women's Grassbow Sport Waterproof Hik
653,30,Merrell Women's Grassbow Sport Hiking Shoe
654,30,Merrell Men's Moab Rover Waterproof Wide Hiki
655,30,Merrell Men's Moab Rover Waterproof Wide Hiki
656,30,Merrell Men's Moab Rover Waterproof Wide Hiki
657,30,Merrell Women's Azura Wide Hiking Shoe
658,30,Merrell Women's Azura Hiking Shoe
659,30,Merrell Men's Moab Rover Waterproof Wide Hiki
660,30,Merrell Men's Moab Rover Waterproof Hiking Sh
661,30,Merrell Women's Azura Wide Hiking Shoe
662,30,Merrell Women's Azura Hiking Shoe
663,30,Merrell Men's Moab Rover Mid Waterproof Wide 
664,30,Merrell Men's Moab Rover Mid Waterproof Wide 
665,30,Merrell Men's Moab Rover Mid Waterproof Hikin
666,30,Merrell Men's All Out Flash Trail Running Sho
667,30,Merrell Women's All Out Flash Trail Running S
668,30,Merrell Women's All Out Flash Trail Running S
669,31,Cleveland Golf My Custom Wedge 588 Forged RTX
670,31,Cleveland Golf Elite My Custom Wedge 588 Forg
671,31,Cleveland Golf Collegiate My Custom Wedge 588
672,31,PING G30 Driver
673,31,PING G30 Fairway Wood
674,31,PING G30 Hybrid
675,31,PING G30 Irons - (Steel) 4-UW
676,31,PING G30 Irons - (Graphite) 4-UW
677,31,TaylorMade White Smoke IN-12 Putter
678,31,TaylorMade White Smoke MC-72 Putter
679,31,Tour Edge Exotics CB Pro S Forged Wedge
680,31,Boccieri Golf EL C2-M Counterbalance Putter
681,31,Boccieri Golf EL C2-M Counterbalance Putter
682,31,Boccieri Golf EL L3-M Counterbalance Putter
683,31,Boccieri Golf EL L3-M Counterbalance Putter
684,31,PING Scottsdale TR Anser 2B Counterbalance Pu
685,31,TaylorMade SLDR Irons - (Steel) 4-PW
686,31,MDGolf Texas Longhorns Putter
687,31,MDGolf Alabama Crimson Tide Putter
688,31,Tour Edge XCG7 Irons - (Steel) 4-PW
689,31,Tour Edge XCG7 Irons - (Graphite) 4-PW
690,31,Tour Edge XCG7 X-LITE Hybrid/Irons - (Graphit
691,31,MDGolf Pittsburgh Penguins Putter
692,31,MDGolf Philadelphia Flyers Putter
693,32,Top Flite Women's XL 12-Piece Complete Set - 
694,32,Callaway Women's Solaire Gems 20-Piece Comple
695,32,Callaway Women's Solaire Gems 20-Piece Comple
696,32,Wilson Women's Profile Petite 11-Piece Comple
697,32,Tour Edge Women's Moda Silk 18-Piece Complete
698,32,Cleveland Women's 588 Altitude Hybrid/Irons -
699,32,Tour Edge Women's Moda Silk 18-Piece Complete
700,32,Top Flite Women's 2014 XL Driver
701,32,Top Flite Women's 2014 XL Fairway
702,32,Top Flite Women's Tour Black PVD Wedge
703,32,Top Flite Women's 2014 XL Hybrid
704,32,Cobra Women's AMP CELL-S Irons - (Graphite) 5
705,32,Cleveland Golf Women's 588 RTX CB Satin Chrom
706,32,Top Flite Women's 2014 1.0 Blade Putter
707,32,Top Flite Women's 2014 2.0 Mallet Putter
708,32,Adams Golf Women's Idea Tech V4 Hybrid/Iron S
709,32,Top Flite Women's Aero Adjustable Driver - Gr
710,32,Top Flite Women's Aero Adjustable Driver - Pi
711,32,Top Flite Women's Aero Fairway
712,32,Top Flite Women's Aero Hybrid
713,32,TaylorMade Women's RBZ SL Driver
714,32,TaylorMade Women's RBZ SL Fairway
715,32,TaylorMade Women's RBZ SL Rescue
716,32,TaylorMade Women's RBZ SL Irons - (Graphite) 
717,33,Under Armour Men's Performance Chino Straight
718,33,Nike Lunarwaverly Golf Shoes
719,33,Nike Lunar Cypress Golf Shoes
720,33,LIJA Women's Eyelet Golf Skort
721,33,LIJA Women's Golf Beanie
722,33,LIJA Women's Golf Hat
723,33,LIJA Women's Golf Visor
724,33,LIJA Women's Mid-Length Panel Golf Shorts
725,33,LIJA Women's Button Golf Dress
726,33,LIJA Women's Ace Sleeveless Golf Polo
727,33,LIJA Women's Long Sleeve Golf Quarter-Zip Pul
728,33,LIJA Women's Eyelet Sleeveless Golf Polo
729,33,LIJA Women's Open Neck Print Golf Polo
730,33,LIJA Women's Argyle Golf Polo
731,33,LIJA Women's Mandarin Sleeveless Golf Polo
732,33,LILJA Women's Ace Golf Polo
733,33,Nike Women's Lunar Empress Golf Shoes
734,33,Black Clover Men's Premium Clover Mesh Back G
735,33,Black Clover Men's Premium Clover Mesh Back G
736,33,Black Clover Men's Premium Clover Fitted Golf
737,33,Black Clover Men's Premium Clover Flex Fit Go
738,33,Sport Haley Women's Embossed Golf Polo
739,33,Nike TW 14 Mesh Golf Shoes
740,33,Nike TW 14 Mesh Golf Shoes
741,34,FootJoy GreenJoys Golf Shoes
742,34,FootJoy GreenJoys Golf Shoes
743,34,Ogio Race Golf Shoes
744,34,Ogio Race Golf Shoes
745,34,Ogio City Spiked Golf Shoes
746,34,Ogio City Spiked Golf Shoes
747,34,Ogio City Spiked Golf Shoes
748,34,Ogio City Turf Golf Shoes
749,34,Ogio City Turf Golf Shoes
750,34,Ogio City Turf Golf Shoes
751,34,Ogio Sport Golf Shoes
752,34,Ogio Sport Golf Shoes
753,34,Ogio Sport Golf Shoes
754,34,TRUE linkswear Lyt Dry Golf Shoes
755,34,TRUE linkswear Lyt Dry Golf Shoes
756,34,TRUE linkswear Lyt Dry Golf Shoes
757,34,TRUE linkswear Vegas Golf Shoes
758,34,TRUE linkswear Vegas Golf Shoes
759,34,Nike Lunarwaverly Golf Shoes
760,34,Nike Lunarwaverly Golf Shoes
761,34,Nike Lunarwaverly Golf Shoes
762,34,Nike Lunarwaverly Golf Shoes
763,34,PING Golf Shoe Bag
764,34,Nike Lunar Mount Royal Golf Shoes
765,35,Club Glove Burst Proof with Wheels II Travel 
766,35,Club Glove Last Bag
767,35,Callaway 2014 Limited-Edition Hyper-Lite 5 St
768,35,Titleist Club Glove Travel Cover
769,35,Clicgear Rovic Wheel Cover
770,35,Clicgear Rovic Cart Seat
771,35,Clicgear Rovic Cooler Bag
772,35,Clicgear Rovic Shoe Brush
773,35,Titleist Small Wheeled Travel Cover
774,35,Clicgear 8.0 Pack Sack
775,35,Clicgear 8.0 Shoe Brush
776,35,Bag Boy C3 Push Cart
777,35,Bag Boy M330 Push Cart
778,35,Bag Boy Beverage Holder
779,35,Bag Boy Cart Seat
780,35,Bag Boy Express DLX Pro Push Cart
781,35,TaylorMade Performance Travel Cover
782,35,Maxfli Tour Travel Cover
783,35,Titleist 2014 Lightweight Stand Bag
784,35,Bag Boy Hybrid Pivot Grip Travel Cover
785,35,PING 2014 Hoofer 14 Stand Bag
786,35,TaylorMade 2014 Purelite Stand Bag
787,35,Nike 2014 Air Sport Stand Bag
788,35,Titleist 2014 14-Way Stand Bag
789,36,TaylorMade Men's Burner LTD Golf Glove
790,36,FootJoy Men's StaCool Golf Glove
791,36,Hirzl Women's Trust Feel Golf Glove
792,36,Hirzl Men's Hybrid Golf Glove
793,36,Hirzl Women's Hybrid Golf Glove
794,36,Hirzl Women's Trust Control Golf Glove
795,36,Hirzl Men's Soffft Flex Golf Glove
796,36,Callaway Women's X-Tech Golf Glove - White/Pi
797,36,Hirzl Women's Soffft Flex Golf Glove
798,36,Glove It Women's Urban Brick Golf Glove
799,36,Glove It Women's Versailles Golf Glove
800,36,Glove It Women's Navy Clear Dot Golf Glove
801,36,Glove It Women's Pink Clear Dot Golf Glove
802,36,Glove It Women's Olive Bling Golf Glove
803,36,Glove It Women's Silver Bling Golf Glove
804,36,Glove It Women's Imperial Golf Glove
805,36,Glove It Women's Red Clear Dot Golf Glove
806,36,Glove It Women's Violet Bling Golf Glove
807,36,Glove It Women's Hot Pink Bling Golf Glove
808,36,Glove It Women's Calypso Golf Glove
809,36,Glove It Women's 19th Hole Golf Glove
810,36,Glove It Women's Mod Oval Golf Glove
811,36,Glove It Women's Silver Willow Golf Glove
812,36,Glove It Women's Trellis Golf Glove
813,37,Callaway HX Practice Golf Balls - 18 Pack
814,37,Callaway HX Practice Golf Balls - 9 Pack
815,37,Zero Friction Practice Golf Balls - 12 Pack
816,37,Titleist Pro V1 Golf Balls
817,37,Titleist Pro V1 Personalized Golf Balls
818,37,Titleist Pro V1x Golf Balls
819,37,Titleist Pro V1x Personalized Golf Balls
820,37,Titleist Pro V1 High Numbers Golf Balls
821,37,Titleist Pro V1 High Numbers Personalized Gol
822,37,Titleist Pro V1x High Numbers Golf Balls
823,37,Titleist Pro V1x High Numbers Personalized Go
824,37,Titleist Pro V1 Double Number Golf Balls
825,37,Bridgestone e6 Straight Distance NFL Tennesse
826,37,Bridgestone e6 Straight Distance NFL Tampa Ba
827,37,Bridgestone e6 Straight Distance NFL Seattle 
828,37,Bridgestone e6 Straight Distance NFL San Dieg
829,37,Bridgestone e6 Straight Distance NFL San Fran
830,37,Bridgestone e6 Straight Distance NFL Miami Do
831,37,Bridgestone e6 Straight Distance NFL Jacksonv
832,37,Bridgestone e6 Straight Distance NFL Indianap
833,37,Bridgestone e6 Straight Distance NFL Houston 
834,37,Bridgestone e6 Straight Distance NFL Detroit 
835,37,Bridgestone e6 Straight Distance NFL Carolina
836,37,Bridgestone e6 Straight Distance NFL Baltimor
837,38,Voice Caddie SC100 Portable Golf Launch Monit
838,38,Voice Caddie SC100 Portable Golf Launch Monit
839,38,GolfBuddy VS4 Golf GPS
840,38,Zepp Golf Swing Analyzer
841,38,SkyCaddie LINX Golf GPS Watch
842,38,Bushnell 2014 Tour V3 Patriot Pack Laser Rang
843,38,Bushnell 2014 Tour V3 Slope Patriot Pack Lase
844,38,SkyCaddie LINX Golf GPS Watch
845,38,Garmin Approach S4 Golf GPS Watch
846,38,geckobrands iPhone Waterproof Dry Bag
847,38,geckobrands Galaxy Waterproof Dry Bag
848,38,geckobrands Galaxy Waterproof Dry Bag
849,38,geckobrands Galaxy Waterproof Dry Bag
850,38,geckobrands Galaxy Waterproof Dry Bag
851,38,geckobrands iPhone Waterproof Dry Bag
852,38,geckobrands iPhone Waterproof Dry Bag
853,38,geckobrands iPhone Waterproof Dry Bag
854,38,Maxfli Digital Golf Scope
855,38,Nikon COOLSHOT AS Slope Laser Rangefinder
856,38,Nikon COOLSHOT Laser Rangefinder
857,38,GolfBuddy PT4 Touchscreen GPS
858,38,GolfBuddy VT3 GPS Watch
859,38,Garmin Approach G8 Golf GPS
860,38,Bushnell Pro X7 Jolt Slope Rangefinder
861,39,Cobra Junior Kids' Complete Set (Height 53'' 
862,39,Cobra Junior Kids' Complete Set (Height 46'' 
863,39,Top Flite Kids' 2014 XLj Complete Set (Height
864,39,Top Flite Kids' 2014 XLj Complete Set (Height
865,39,Top Flite Kids' 2014 XLj Complete Set (Height
866,39,Top Flite Kids' 2014 XLj Complete Set (Height
867,39,Top Flite Kids' 2014 XLj Complete Set (Height
868,39,Top Flite Kids' XLj Driver (Height 53'' and a
869,39,Top Flite Kids' XLj 7 Iron (Height 53'' and a
870,39,Top Flite Kids' XLj Sand Wedge (Height 53'' a
871,39,Top Flite Kids' XLj Putter (Height 53'' and a
872,39,Top Flite Kids' XLj Driver (Height 46''-52'')
873,39,Top Flite Kids' XLj 7 Iron (Height 46'' - 52'
874,39,Top Flite Kids' XLj Sand Wedge (Height 46'' t
875,39,Top Flite Kids' XLj Putter (Height 46'' - 52'
876,39,Top Flite Kids' XLj Driver (Height 45'' and u
877,39,Top Flite Kids' XLj 7 Iron (Height 45'' and u
878,39,Top Flite Kids' XLj Sand Wedge (Height 45'' a
879,39,Top Flite Kids' XLj Putter (Height 45'' and u
880,39,PING Kids' My First Putter
881,39,Tour Edge Kids' HT Max-J Complete Set (Height
882,39,Tour Edge Kids' HT Max-J Complete Set (Height
883,39,Tour Edge Girls' HT Max-J Complete Set (Heigh
884,39,Tour Edge Girls' HT Max-J Complete Set (Heigh
885,40,Team Golf St. Louis Cardinals Putter Grip
886,40,Team Golf San Francisco Giants Putter Grip
887,40,Team Golf New York Yankees Putter Grip
888,40,Team Golf Detroit Tigers Putter Grip
889,40,Team Golf Chicago Cubs Putter Grip
890,40,Team Golf Boston Red Sox Putter Grip
891,40,Team Golf Washington Redskins Putter Grip
892,40,Team Golf San Francisco 49ers Putter Grip
893,40,Team Golf Pittsburgh Steelers Putter Grip
894,40,Team Golf Dallas Cowboys Putter Grip
895,40,Team Golf Oakland Raiders Putter Grip
896,40,Team Golf New York Giants Putter Grip
897,40,Team Golf New England Patriots Putter Grip
898,40,Team Golf Minnesota Vikings Putter Grip
899,40,Team Golf Green Bay Packers Putter Grip
900,40,Team Golf Chicago Bears Putter Grip
901,40,Team Golf Baltimore Ravens Putter Grip
902,40,Team Golf West Virginia Mountaineers Putter G
903,40,Team Golf Missouri Tigers Putter Grip
904,40,Team Golf Wisconsin Badgers Putter Grip
905,40,Team Golf Texas Longhorns Putter Grip
906,40,Team Golf Tennessee Volunteers Putter Grip
907,40,Team Golf South Carolina Gamecocks Putter Gri
908,40,Team Golf Penn State Nittany Lions Putter Gri
909,41,PING Golf Shoe Bag
910,41,LIJA Women's Golf Beanie
911,41,LIJA Women's Golf Hat
912,41,LIJA Women's Golf Visor
913,41,Golf Pride Decade MultiCompound Platinum Stan
914,41,Golf Pride Decade MultiCompound Platinum Stan
915,41,Golf Pride Decade MultiCompound Platinum Stan
916,41,Glove It Women's Urban Brick 3-Zip Carry All 
917,41,Glove It Women's Mod Oval 3-Zip Carry All Gol
918,41,Glove It Women's Calypso 3-Zip Carry All Golf
919,41,Glove It Women's Imperial 3-Zip Carry All Gol
920,41,Glove It Women's Silver Willow 3-Zip Carry Al
921,41,Glove It Women's Santa Cruz 3-Zip Carry All G
922,41,Glove It Women's Trellis 3-Zip Carry All Golf
923,41,Glove It Women's Leopard 3-Zip Carry All Golf
924,41,Glove It Urban Brick Golf Towel
925,41,Glove It Mod Oval Golf Towel
926,41,Glove It Imperial Golf Towel
927,41,Glove It Silver Willow Golf Towel
928,41,Glove It Santa Cruz Golf Towel
929,41,Glove It Trellis Golf Towel
930,41,Glove It Nine and Wine Golf Towel
931,41,Glove It Women's Perforated 3-Zip Carry All G
932,41,Glove It Women's Pink Snake 3-Zip Carry All G
933,42,Nike VR_S Covert Driver
934,42,Callaway X Hot Driver
935,42,TaylorMade RocketBallz Stage 2 Driver
936,42,Cleveland Golf Classic XL Driver
937,42,Cobra AMP Cell Driver - Orange
938,43,Diamondback Adult Sorrento Mountain Bike 2014
939,43,Nike+ Fuelband SE
940,43,Diamondback Boys' Insight 24 Performance Hybr
941,43,Diamondback Girls' Clarity 24 Hybrid Bike 201
942,43,Diamondback Adult Outlook Mountain Bike 2014
943,43,Diamondback Adult Response XE Mountain Bike 2
944,43,GoPro HERO3+ Black Edition Camera
945,43,Rollerblade Men's Spark 84 Inline Skate
946,43,Diamondback Adult Wildwood Citi Classic Comfo
947,43,Diamondback Adult Edgewood Hybrid Bike 2014
948,43,Rollerblade Women's Spark 84 Inline Skates
949,43,Thule Trailway 4-Bike Hitch Vehicle Rack
950,43,Diamondback Grind BMX Bike 2014
951,43,Diamondback Women's Vital 2 Hybrid Bike 2014
952,43,Yakima DoubleDown Ace Hitch Mount 4-Bike Rack
953,43,Diamondback Adult Trace Hybrid Bike 2014
954,43,Nishiki Women's Tamarack Comfort Bike 2014
955,43,Diamondback Women's Clarity Hybrid Bike 2013
956,43,Diamondback Adult Wildwood Classic Comfort Bi
957,43,Diamondback Women's Serene Classic Comfort Bi
958,43,Nishiki Adult Montour Hybrid Bike 2014
959,43,Diamondback Adult Insight Hybrid Bike 2013
960,43,Saris Bones 2-Bike Rack
961,43,Diamondback Women's Clarity 1 Hybrid Bike 201
962,44,Quest Q64 10 FT. x 10 FT. Slant Leg Instant U
963,44,MAC Sports Collapsible Wagon
964,44,Coleman River Gorge 6 Person Dome Tent
965,44,ENO DoubleNest Two Person Hammock
966,44,Quik Shade Summit SX170 10 FT. x 10 FT. Canop
967,44,Kijaro Dual Lock Chair
968,44,Quest 12' x 12' Dome Canopy
969,44,Coleman River Gorge 8 Person Tent
970,44,Quest Q100 10' X 10' Dome Canopy
971,44,SKLZ Sport-Brella XL
972,44,E-Z Up Vista 12' x 12' Recreational Instant S
973,44,Kijaro XXL Dual Lock Oversized Chair
974,44,The North Face Women's Stinson Rain Jacket
975,44,Eureka! Tetragon 5 Five Person Tent
976,44,Columbia Women's Sandy River Shorts
977,44,ENO Atlas Hammock Straps
978,44,YETI Tundra 65 Chest Cooler
979,44,Quest 12' x 12' Screen House
980,44,Quest Oversized Arm Chair
981,44,The North Face Women's Recon Backpack
982,44,insta-bed Neverflat Air Mattress
983,44,YETI Roadie 20 Chest Cooler
984,44,Quest Eagle Peak 6 Person Tent
985,44,Coleman RoadTrip LXE Grill
986,45,Under Armour Men's Highlight MC Football Clea
987,45,GoPro HERO3+ Black Edition Camera
988,45,Under Armour Men's Ignite Camo II Slide
989,45,Under Armour Men's Highlight MC Football Clea
990,45,Under Armour WWP Freedom Flag T-Shirt
991,45,Bushnell 2014 Tour V3 Patriot Pack Laser Rang
992,45,Under Armour Men's Highlight MC Football Clea
993,45,Under Armour Men's Highlight MC Football Clea
994,45,Primos Truth Cam Supercharged Blackout 7 MP G
995,45,Bushnell 2014 Tour V3 Slope Patriot Pack Lase
996,45,Bushnell Golf Tour v3 Patriot Pack Laser Rang
997,45,Under Armour Men's Highlight MC Football Clea
998,45,Bushnell NEO-X Golf GPS Watch
999,45,"Timberland PRO Men's Pit Boss 6"" Steel Toe Wo"
1000,45,Nikon Monarch 5 10x42 Binoculars
1001,45,GoPro HERO3+ Silver Edition Camera
1002,45,Under Armour Women's Ignite VI Camo Slide
1003,45,Nike Men's Free TR 5.0 (LSA Pack) Training Sh
1004,45,Field & Stream Sportsman 16 Gun Fire Safe
1005,45,Diamond Infinite Edge RTH Compound Bow Packag
1006,45,O'Brien Neoprene Pet Life Vest
1007,45,Realtree Outfitters Men's Cobra Realtree Xtra
1008,45,Cuddeback Ambush IR Scouting Camera
1009,45,Diamond Fear No Evil Compound Bow Package
1010,46,DBX Vector Series Men's Nylon Life Vest
1011,46,Old Town Canoe Saranac 146 Canoe
1012,46,Pelican Trailblazer 100 Angler Fishing Kayak
1013,46,Perception Sport Swifty Deluxe 9.5 Kayak
1014,46,O'Brien Men's Neoprene Life Vest
1015,46,GoPro HERO3+ Black Edition Camera
1016,46,Field & Stream 12' Eagle Run Kayak
1017,46,DBX Vector Series Women's Nylon Life Vest
1018,46,Coleman Scanoe Canoe
1019,46,O'Brien Youth Neoprene Life Vest
1020,46,Field & Stream Eagle Talon Kayak
1021,46,Old Town Trip 10 Angler Deluxe Kayak
1022,46,O'Brien Women's Neoprene Life Vest
1023,46,Quest Pioneer Adjustable Aluminum Kayak Paddl
1024,46,Columbia Women's Sandy River Shorts
1025,46,Future Beach Trophy 126 Kayak
1026,46,Quantum Smoke PT Spinning Reels
1027,46,DBX Vector Series Youth Nylon Life Vest
1028,46,YETI Tundra 65 Chest Cooler
1029,46,DBX 4 Buckle Nylon Life Vest
1030,46,Perception Sport Striker 11.5 Angler Kayak
1031,46,YETI Roadie 20 Chest Cooler
1032,46,Sun Dolphin Sun Slider 5-Seated Pedal Boat wi
1033,46,YETI Tundra 45 Chest Cooler
1034,47,Nike+ Fuelband SE
1035,47,"Goaliath 54"" In-Ground Basketball Hoop with P"
1036,47,Fitbit Flex Wireless Activity & Sleep Wristba
1037,47,"Nike Women's Pro Core 3"" Compression Shorts"
1038,47,Kan Jam Disc Game
1039,47,Nike Women's Pro Victory Compression Bra
1040,47,Stiga Master Series ST3100 Competition Indoor
1041,47,Nike Women's Pro Hyperwarm Fitted Tights
1042,47,Under Armour Hustle Backpack
1043,47,Nike Women's Legend V-Neck T-Shirt
1044,47,Nike Hoops Elite Team Backpack
1045,47,Teeter Hang Ups NXT-S Inversion Table
1046,47,Quest 15 FT Trampoline Enclosure Combo
1047,47,Under Armour Men's Ignite Camo II Slide
1048,47,"Spalding Beast 60"" Glass Portable Basketball "
1049,47,Under Armour Boys' Match Play Golf Polo
1050,47,McDavid HEX Extended Leg Sleeves
1051,47,Garmin Forerunner 220 GPS Watch
1052,47,"Lifetime Elite 52"" Portable Basketball Hoop"
1053,47,Garmin Women's Forerunner 10 GPS Watch
1054,47,"Spalding NBA 54"" Glass Portable Basketball Ho"
1055,47,Nike Women's Pro Hyperwarm Half Zip Long Slee
1056,47,Garmin vivofit Fitness Band with HRM
1057,47,Nike Men's Fly Shorts 2.0
1058,48,Lifetime Freestyle XL Stand-Up Paddle Board
1059,48,Pelican Maverick 100X Kayak
1060,48,DBX Vector Series Men's Nylon Life Vest
1061,48,Old Town Canoe Saranac 146 Canoe
1062,48,Pelican Vortex 80DLX Kayak
1063,48,Pelican Trailblazer 100 Angler Fishing Kayak
1064,48,Pelican Trailblazer 100 Kayak
1065,48,Perception Sport Swifty Deluxe 9.5 Kayak
1066,48,O'Brien Men's Neoprene Life Vest
1067,48,Field & Stream 12' Eagle Run Kayak
1068,48,DBX Vector Series Women's Nylon Life Vest
1069,48,"Tiga 11'4"" Stand-Up Paddle Board"
1070,48,Coleman Scanoe Canoe
1071,48,Pelican Apex 100 Kayak
1072,48,O'Brien Youth Neoprene Life Vest
1073,48,Pelican Sunstream 100 Kayak
1074,48,Field & Stream Eagle Talon Kayak
1075,48,Old Town Trip 10 Angler Deluxe Kayak
1076,48,Future Beach Spirit 120 Kayak
1077,48,O'Brien Women's Neoprene Life Vest
1078,48,Quest Pioneer Adjustable Aluminum Kayak Paddl
1079,48,Future Beach Trophy 126 Kayak
1080,48,DBX Vector Series Youth Nylon Life Vest
1081,48,Snap OnTop Solo Kayak
1082,49,Quest Q64 10 FT. x 10 FT. Slant Leg Instant U
1083,49,Brooks Women's Adrenaline GTS 13 Running Shoe
1084,49,Lifetime Freestyle XL Stand-Up Paddle Board
1085,49,Pelican Maverick 100X Kayak
1086,49,Nike Men's Free 5.0+ Running Shoe
1087,49,DBX Vector Series Men's Nylon Life Vest
1088,49,Pelican Trailblazer 100 Angler Fishing Kayak
1089,49,Nike Women's Free 4.0 Running Shoe
1090,49,Under Armour Women's Micro G Skulpt Running S
1091,49,Pelican Trailblazer 100 Kayak
1092,49,Nike Men's Free 5.0 Running Shoe
1093,49,Perception Sport Swifty Deluxe 9.5 Kayak
1094,49,Brooks Women's Ghost 6 Running Shoe
1095,49,Quik Shade Summit SX170 10 FT. x 10 FT. Canop
1096,49,Nike Women's Free 5.0+ Running Shoe
1097,49,Brooks Men's Adrenaline GTS 13 Running Shoe
1098,49,Brooks Women's Ghost 6 Running Shoe
1099,49,Kijaro Dual Lock Chair
1100,49,ASICS Women's GEL-Noosa Tri 9 Running Shoe
1101,49,Nike Men's Air Max 2014 Running Shoe
1102,49,O'Brien Men's Neoprene Life Vest
1103,49,Quest 12' x 12' Dome Canopy
1104,49,GoPro HERO3+ Black Edition Camera
1105,49,ASICS Women's GEL-Nimbus 15 Running Shoe
1106,50,Majestic Youth 2014 All-Star Game Andrew McCu
1107,50,Majestic Youth 2014 All-Star Game Yadier Moli
1108,50,Majestic Youth 2014 All-Star Game Troy Tulowi
1109,50,Majestic Youth 2014 All-Star Game Yasiel Puig
1110,50,Majestic Youth 2014 All-Star Game Freddie Fre
1111,50,Majestic Youth 2014 All-Star Game Mike Trout 
1112,50,Majestic Youth 2014 All-Star Game Miguel Cabr
1113,50,Majestic Youth 2014 All-Star Game Masahiro Ta
1114,50,Majestic Youth 2014 All-Star Game Derek Jeter
1115,50,Majestic Youth 2014 All-Star Game Jose Abreu 
1116,50,Majestic Men's 2014 All-Star Game Troy Tulowi
1117,50,Majestic Men's 2014 All-Star Game Yasiel Puig
1118,50,Majestic Men's 2014 All-Star Game Andrew McCu
1119,50,Majestic Men's 2014 All-Star Game Yadier Moli
1120,50,Majestic Men's 2014 All-Star Game Freddie Fre
1121,50,Majestic Men's 2014 All-Star Game Mike Trout 
1122,50,Majestic Men's 2014 All-Star Game Masahiro Ta
1123,50,Majestic Men's 2014 All-Star Game Derek Jeter
1124,50,Majestic Men's 2014 All-Star Game Miguel Cabr
1125,50,Majestic Men's 2014 All-Star Game Jose Abreu 
1126,50,Nike Men's New York Yankees Derek Jeter 2014 
1127,50,Nike Men's Pittsburgh Pirates Andrew McCutche
1128,50,Nike Men's Los Angeles Angels Mike Trout 2014
1129,50,Stitches Men's Pittsburgh Pirates Black Poly 
1130,51,Nike Men's Cleveland Browns 'Money Manziel' T
1131,51,Nike Men's Home Game Jersey Cleveland Browns 
1132,51,Nike Men's Cleveland Browns Johnny Manziel 'M
1133,51,Nike Johnny Football Camo Graphic T-Shirt
1134,51,Nike Youth Home Game Jersey Cleveland Browns 
1135,51,Nike Johnny Football Camo Jersey T-Shirt
1136,51,Wild Sports Pittsburgh Steelers XL Tailgate B
1137,51,Nike Men's Cleveland Browns Johnny Manziel #2
1138,51,Wild Sports Green Bay Packers XL Tailgate Bea
1139,51,Wild Sports Chicago Bears XL Tailgate Bean Ba
1140,51,Wild Sports Minnesota Vikings XL Tailgate Bea
1141,51,Nike Men's Cleveland Browns Johnny Football O
1142,51,Nike Men's Home Game Jersey Denver Broncos Pe
1143,51,Nike Men's Chicago Bears Navy Reversible Defe
1144,51,Wilson NFL Autograph Official Football
1145,51,Nike Men's Home Game Jersey Buffalo Bills Sam
1146,51,Nike Men's Home Game Jersey Philadelphia Eagl
1147,51,Nike Men's Home Game Jersey San Francisco 49e
1148,51,Team Golf Pittsburgh Steelers Fairway Stand B
1149,51,Wild Sports Washington Redskins XL Tailgate B
1150,51,Wild Sports Dallas Cowboys XL Tailgate Bean B
1151,51,Nike Men's Chicago Bears Coaches Sideline 201
1152,51,Nike Men's Home Game Jersey Pittsburgh Steele
1153,51,Nike Men's Home Game Jersey New Orleans Saint
1154,52,Reebok Men's Chicago Blackhawks Patrick Kane 
1155,52,$10 Gift Card
1156,52,Reebok Men's Boston Bruins Patrice Bergeron #
1157,52,Reebok Men's Chicago Blackhawks Jonathan Toew
1158,52,Reebok Men's Chicago Blackhawks Jonathan Toew
1159,52,Reebok Youth Chicago Blackhawks Patrick Kane 
1160,52,Reebok Women's Chicago Blackhawks Patrick Kan
1161,52,Reebok Men's Detroit Red Wings 2014 NHL Cente
1162,52,Reebok Men's Minnesota Wild 2014 NHL Center I
1163,52,Reebok Men's Dallas Stars 2014 NHL Center Ice
1164,52,Reebok Men's Buffalo Sabres 2014 NHL Center I
1165,52,Reebok Men's Nashville Predators 2014 NHL Cen
1166,52,Reebok Men's Pittsburgh Penguins 2014 NHL Cen
1167,52,Reebok Men's Florida Panthers 2014 NHL Center
1168,52,Reebok Men's Toronto Maple Leafs 2014 NHL Cen
1169,52,Reebok Men's Los Angeles Kings 2014 NHL Cente
1170,52,Reebok Men's Carolina Hurricanes 2014 NHL Cen
1171,52,Reebok Men's Philadelphia Flyers 2014 NHL Cen
1172,52,Reebok Men's Washington Capitals 2014 NHL Cen
1173,52,Reebok Men's Vancouver Canucks 2014 NHL Cente
1174,52,Reebok Men's Montreal Canadiens 2014 NHL Cent
1175,52,Reebok Men's Boston Bruins 2014 NHL Center Ic
1176,52,Reebok Men's Colorado Avalanche  2014 NHL Cen
1177,52,Antigua Women's 2014 NHL Stanley Cup Champion
1178,53,Nike Kids' Grade School KD VI Basketball Shoe
1179,53,Nike Men's KD VI Basketball Shoe
1180,53,Nike Kids' Grade School LeBron XI Basketball 
1181,53,Nike Kids' Grade School KD VI Basketball Shoe
1182,53,Nike Men's LeBron XI Basketball Shoe
1183,53,Nike Men's LeBron XI Low Basketball Shoe
1184,53,Nike Kids' Grade School KD VI Basketball Shoe
1185,53,Nike Men's KD VII Basketball Shoe
1186,53,Nike Men's KD VI Basketball Shoe
1187,53,Nike Men's LeBron XI Basketball Shoe
1188,53,Nike Kids' Grade School LeBron XI Basketball 
1189,53,Nike Kids' Grade School Zoom Soldier VII Bask
1190,53,Nike Men's Zoom Kobe Venomenon 4 Basketball S
1191,53,Nike Kids' Grade School KD VI Basketball Shoe
1192,53,Nike Men's Kobe IX Elite Low Basketball Shoe
1193,53,Nike Men's LeBron XI Basketball Shoe
1194,53,Nike Kids' Grade School KD VI Basketball Shoe
1195,53,Nike Men's Kobe IX Basketball Shoe
1196,53,Nike Men's Air LeBron 3 Elite Slide
1197,53,Nike Men's KD VI Basketball Shoe
1198,53,Nike Kids' Grade School Zoom Soldier VII Bask
1199,53,Nike Men's KD VI Elite Basketball Shoe
1200,53,Nike Kids' Grade School LeBron XI Basketball 
1201,53,Nike Kids' Grade School Kobe IX Elite Basketb
1202,54,Schutt Youth Recruit Hybrid Custom Football H
1203,54,Nike Adult Pro Combat Hyperstrong Girdle
1204,54,Nike Adult Pro Combat Hyperstrong 3/4 Girdle
1205,54,Schutt Youth Vengeance DCT Hybrid Custom Foot
1206,54,Schutt Adult Integrated Football Pants
1207,54,Nike Youth Pro Combat Hyperstrong 4 Pad Footb
1208,54,Schutt Youth Vengeance DCT Hybrid+ Custom Foo
1209,54,Nike Youth Pro Combat Hyperstrong Girdle
1210,54,Schutt Youth AiR XP Pro Custom Football Helme
1211,54,Schutt Youth XP Hybrid Custom Football Helmet
1212,54,Nike Men's Pro Combat Hyperstrong 4 Pad Footb
1213,54,Riddell Youth Power Rib Shirt
1214,54,Schutt Youth Vengeance DCT Custom Football He
1215,54,Riddell Adult Power 7-Pad Girdle
1216,54,Schutt Youth Vengeance DCT Custom Football He
1217,54,Nike Youth Pro Combat Hyperstrong 4 Pad Footb
1218,54,Schutt Youth Integrated Football Pants
1219,54,Riddell Adult Power Girdle
1220,54,Riddell Youth Power Girdle
1221,54,Cutters Adult C-TACK Revolution Receiver Glov
1222,54,Under Armour Adult Gameday Armour 5 Pad Girdl
1223,54,Schutt Varsity Super-Pro STG Specialty Facema
1224,54,Schutt XV Flex Skill Shield Football Shoulder
1225,54,Nike Adult Pro Combat Hyperstrong Girdle
1226,55,adidas Men's New York Red Bulls Navy 2014 Sec
1227,55,adidas Men's Sporting KC Navy 2014 Secondary 
1228,55,adidas Men's 2014 All-Star Game Tactile Hunte
1229,55,adidas Men's 2014 MLS All-Star Game Dueling T
1230,55,adidas Men's 2014 MLS All-Star Game Cross Bla
1231,55,adidas Original Men's 2014 MLS All-Star Game 
1232,55,adidas Men's 2014 MLS All-Star Game Rose City
1233,55,adidas Men's 2014 MLS All-Star Game Crest Gre
1234,55,adidas Women's 2014 MLS All-Star Game Dueling
1235,55,adidas Men's 2014 MLS All-Star Game Replica B
1236,55,adidas Men's 2014 MLS All-Star Game Lumber Hu
1237,55,adidas Men's 2014 MLS All-Star Game Axis Hunt
1238,55,adidas Men's 2014 MLS All-Star Game Structure
1239,55,adidas Men's 2014 MLS All-Star Game Camo Snap
1240,55,adidas Men's 2014 MLS All-Star Game Slouch Wh
1241,55,adidas Women's New York City FC Smoke Grey Wo
1242,55,adidas Men's New York City FC Big Time Navy T
1243,55,adidas Men's New York City FC Bleed Through W
1244,55,adidas Men's New York City FC Team Logo Navy 
1245,55,adidas New England Revolution Tropheo Soccer 
1246,55,Toronto FC Team Color Soccer Bracelet
1247,55,Sporting KC Team Color Soccer Bracelet
1248,55,San Jose Earthquakes Team Color Soccer Bracel
1249,55,Real Salt Lake Team Color Soccer Bracelet
1250,56,Nike Men's USA White Home Stadium Soccer Jers
1251,56,Nike Youth USA Away Stadium Replica Soccer Je
1252,56,adidas Brazuca 2014 Top Glider Soccer Ball
1253,56,Nike Men's USA Away Stadium Replica Soccer Je
1254,56,adidas Men's Germany Home Soccer Jersey
1255,56,adidas Brazuca 2014 Top Repliqué Soccer Ball
1256,56,adidas Brazuca 2014 Official Match Ball
1257,56,adidas Men's Germany Black/Red Away Match Soc
1258,56,adidas Men's Mexico Home Soccer Jersey
1259,56,adidas Brazuca Final Rio Official Match Ball
1260,56,Nike Men's USA Soccer Navy Authentic Polo
1261,56,adidas Brazuca Final Rio Top Glider Soccer Ba
1262,56,adidas Brazuca 2014 Mini Soccer Ball
1263,56,adidas Men's Germany Away Replica Black Top
1264,56,adidas Men's Argentina Home Soccer Jersey
1265,56,Nike USA 2014 World Cup Red/White/Blue Scarf
1266,56,Nike Men's USA Soccer Grey Training Top
1267,56,adidas Men's Mexico Red Away Soccer Jersey
1268,56,adidas Youth Germany Home Soccer Jersey
1269,56,Nike Men's Netherlands Orange Home Stadium So
1270,56,adidas Men's Germany Black Crest Away Tee
1271,56,Nike Men's USA Soccer Red Authentic Polo
1272,56,Nike Men's USA Red Core Type T-Shirt
1273,56,Nike Men's Netherlands Orange Core Crest T-Sh
1274,57,Nike Men's USA White Home Stadium Soccer Jers
1275,57,Nike Youth USA Away Stadium Replica Soccer Je
1276,57,adidas Brazuca 2014 Top Glider Soccer Ball
1277,57,Nike Men's USA Away Stadium Replica Soccer Je
1278,57,adidas Men's Germany Home Soccer Jersey
1279,57,PUMA Men's evoPOWER 1 Tricks FG Soccer Cleat
1280,57,adidas Brazuca 2014 Top Repliqué Soccer Ball
1281,57,adidas Brazuca 2014 Official Match Ball
1282,57,adidas Men's Germany Black/Red Away Match Soc
1283,57,adidas Kids' F5 Messi FG Soccer Cleat
1284,57,Nike Men's Hypervenom Phantom Premium FG Socc
1285,57,adidas Men's Mexico Home Soccer Jersey
1286,57,adidas Kids' F10 Messi TRX FG Soccer Cleat
1287,57,adidas Men's F10 Messi TRX FG Soccer Cleat
1288,57,adidas Men's F10 Messi FG Soccer Cleat
1289,57,adidas Brazuca Final Rio Official Match Ball
1290,57,adidas Men's F30 Messi FG Soccer Cleat
1291,57,Nike Men's USA Soccer Navy Authentic Polo
1292,57,Nike Men's Mercurial Victory IV FG Soccer Cle
1293,57,adidas Men's Predator Absolion  Instinct FG S
1294,57,adidas Men's Copa Mundial Soccer Cleat
1295,57,adidas Brazuca Final Rio Top Glider Soccer Ba
1296,57,adidas Brazuca 2014 Mini Soccer Ball
1297,57,PUMA Men's evoSPEED 1.2 Tricks FG Soccer Clea
1298,58,Majestic Youth Replica New York Yankees Derek
1299,58,Majestic Men's Authentic New York Yankees Der
1300,58,Majestic Men's Replica New York Yankees Derek
1301,58,Majestic Youth Replica New York Yankees Derek
1302,58,Majestic Men's 2014 All-Star Game Derek Jeter
1303,58,Majestic Women's New York Yankees Derek Jeter
1304,58,Majestic Men's Replica Pittsburgh Pirates And
1305,58,Nike Men's New York Yankees Derek Jeter Pinst
1306,58,Majestic Youth Replica Pittsburgh Pirates And
1307,58,Majestic Youth Replica Boston Red Sox David O
1308,58,Majestic Youth 2014 All-Star Game Derek Jeter
1309,58,Majestic Triple Peak Men's New York Yankees D
1310,58,Majestic Men's New York Yankees Derek Jeter #
1311,58,Majestic Youth Replica Los Angeles Dodgers Ya
1312,58,Majestic Youth Los Angeles Angels Mike Trout 
1313,58,Majestic Youth Replica New York Yankees Jacob
1314,58,Majestic Men's Replica Los Angeles Dodgers Cl
1315,58,Majestic Men's Replica Los Angeles Angels Mik
1316,58,Majestic Men's Replica St. Louis Cardinals Oz
1317,58,Majestic Youth 2014 All-Star Game Mike Trout 
1318,58,Nike Men's New York Yankees Derek Jeter Retir
1319,58,Majestic Men's Authentic Los Angeles Dodgers 
1320,58,Majestic Men's Replica Cincinnati Reds Todd F
1321,58,Majestic Men's Replica Los Angeles Dodgers Ya
1322,59,Nike Men's Cleveland Browns 'Money Manziel' T
1323,59,Nike Men's Home Game Jersey Cleveland Browns 
1324,59,Nike Men's Cleveland Browns Johnny Manziel 'M
1325,59,Nike Johnny Football Camo Graphic T-Shirt
1326,59,Nike Youth Home Game Jersey Cleveland Browns 
1327,59,Nike Johnny Football Camo Jersey T-Shirt
1328,59,Nike Men's Cleveland Browns Johnny Manziel #2
1329,59,Nike Men's Cleveland Browns Johnny Football O
1330,59,Nike Men's Home Game Jersey Denver Broncos Pe
1331,59,Nike Men's Home Game Jersey Buffalo Bills Sam
1332,59,Nike Men's Home Game Jersey San Francisco 49e
1333,59,Nike Men's Home Game Jersey Pittsburgh Steele
1334,59,Nike Men's Home Game Jersey New Orleans Saint
1335,59,Nike Men's Andrew Luck Jersey - Home Game Ind
1336,59,Nike Men's Home Game Jersey New York Giants O
1337,59,Nike Men's Home Game Jersey Carolina Panthers
1338,59,Nike Men's Home Game Jersey Chicago Bears Jar
1339,59,Nike Men's Home Game Jersey New York Giants E
1340,59,Majestic Men's Replica Texas Rangers Russell 
1341,59,Nike Women's Cleveland Browns Johnny Football
1342,59,Nike Men's St. Louis Rams Michael Sam #96 Nam
1343,59,Nike Men's Home Game Jersey St. Louis Rams Mi
1344,59,Nike Men's Home Game Jersey St. Louis Rams Aa
1345,59,Nike Men's Home Game Jersey St. Louis Rams Gr
